{
  "w_energy": [
    0.005113477686967608,
    0.0019122174362031482,
    0.0002674108911547631,
    0.0007150858470818457,
    0.0001,
    0.013673996251720034,
    0.03656575523319345,
    0.05979489305458472,
    0.0764643262700891,
    0.08916729650515172,
    0.09778081192655202,
    0.1808175461461146,
    0.21743860383389835,
    0.22508920420285145,
    0.2384430622030362,
    0.24969434719927872,
    0.22769876270921535,
    0.23033857497929158,
    0.26147654055115566,
    0.6992167472484909,
    0.7435505769309477,
    0.7667607288581414,
    0.7906953925659687,
    0.8941422045242648,
    1.1434083709487948,
    1.8697817349205355
  ],
  "lap_time": [
    43.2464732825229,
    43.247635251828356,
    43.24863284397451,
    43.256272625927544,
    43.26745915462361,
    43.38996421966028,
    43.42754108543983,
    43.42900275388422,
    43.48832112279969,
    43.52669205408611,
    43.746653636880595,
    43.76707540041633,
    43.793994040542685,
    43.83080711153006,
    44.18530873159467,
    44.26894655794891,
    44.43206025465341,
    44.45606808413826,
    44.87493108834316,
    44.91411515360839,
    45.3852274552699,
    45.464176057493695,
    46.00670992210681,
    46.184655528832295,
    46.42472272573383,
    46.95659550215995
  ],
  "energy": [
    2303400.8770397725,
    2302866.671440336,
    2302497.359997152,
    2298928.8276136853,
    2294503.7365005394,
    2176726.400236895,
    2055931.7846020542,
    2019674.4389636249,
    1968436.0270506064,
    1912418.1721789972,
    1764414.6959868807,
    1749209.6148540527,
    1736860.543754778,
    1718248.2849686476,
    1557093.7412399747,
    1517279.4781196467,
    1459566.538283238,
    1451494.494848732,
    1337303.6364052165,
    1327507.2818702136,
    1215076.557334365,
    1201987.2501461755,
    1111127.416974208,
    1108630.3669924224,
    1064234.1033943233,
    1002456.816120531
  ]
}