{
  "track": "monaco",
  "n_laps": 72,
  "Q_batt_kWh": 38.3,
  "mass_kg": 831.5,
  "lap_times_s": [
    46.23786510674316,
    45.0018754092296,
    46.647564139516,
    46.8223080567878,
    44.16447765610846,
    44.760877024399406,
    46.07528790946762,
    45.667106513474955,
    45.94233980123041,
    45.173702531336794,
    46.76608630049952,
    46.672694534913695,
    46.01847516911227,
    46.993892808496206,
    46.387496535180624,
    45.167959154780185,
    46.29672204809742,
    45.07642031644426,
    46.76521524099317,
    45.91189299679326,
    45.787865393546554,
    45.33190243969352,
    47.08148846334286,
    45.8157460330457,
    45.56408274080098,
    45.63411713638308,
    46.44705767750359,
    46.293682657973356,
    46.33714819351223,
    46.35377424074306,
    47.926290180502406,
    45.584224020118576,
    45.486951879694544,
    45.20979887622077,
    46.523963648900775,
    46.99548394575281,
    45.85304723022041,
    45.18554810442647,
    45.19995610944567,
    46.5557787192598,
    46.64094895366302,
    46.45702599662873,
    45.346075670155635,
    46.17117507278221,
    46.06503510130446,
    46.15879154019947,
    46.758761368100764,
    46.163301792914204,
    46.581809919942664,
    46.019898363923474,
    46.22352841000968,
    46.538034821969894,
    44.61842967013706,
    45.66395507432866,
    45.52543699564419,
    45.37055449396312,
    45.70488412437755,
    47.331866438162955,
    45.161949115082926,
    46.84778120402147,
    44.41096341527971,
    45.649971211519194,
    46.107378080069985,
    46.49661225027461,
    46.6115106119467,
    46.68699227664167,
    45.63725005842737,
    45.53280941595654,
    46.74639606204987,
    45.781944228363955,
    44.78522838381779,
    44.91611533023054
  ],
  "lap_soc_end": [
    0.987211469926065,
    0.9747647915224273,
    0.9618629463464697,
    0.9489127702660444,
    0.9366977004439213,
    0.9243176776932871,
    0.9115741134362619,
    0.8989434445312653,
    0.8862366512383956,
    0.8737424486613664,
    0.8608078224688833,
    0.8478990266948268,
    0.8351711757809013,
    0.8221735425622109,
    0.8093436272292861,
    0.7968510131629646,
    0.7840462043581057,
    0.7715789082251336,
    0.7586445229514445,
    0.7459461506761391,
    0.7332820821198843,
    0.7207441244023217,
    0.7077222638612026,
    0.6950504840406865,
    0.6824483095874153,
    0.669826764928101,
    0.6569803760954142,
    0.644176407929108,
    0.6313604180073178,
    0.6185398296313271,
    0.6052843127104971,
    0.5926765675554713,
    0.5800957260580927,
    0.5675915399061073,
    0.554723880317822,
    0.5417258070202783,
    0.529043710385161,
    0.5165462315438114,
    0.5040447677173189,
    0.4911683086746653,
    0.47826829313558716,
    0.46541914725197187,
    0.45287726948352475,
    0.4401071846276588,
    0.4273664561059176,
    0.41459979630392235,
    0.40166719605095996,
    0.3888992887972852,
    0.3760156300106118,
    0.3632873854675773,
    0.350502820656245,
    0.3376312692442443,
    0.32529064477183356,
    0.312660847496057,
    0.3000693617342517,
    0.2875207135802404,
    0.27487959609350165,
    0.2617884856799362,
    0.24929753387836756,
    0.23634031240108566,
    0.22405706922068405,
    0.21143113962023538,
    0.19867869982125178,
    0.18581860511908493,
    0.17292673167561382,
    0.16001398141318157,
    0.14739157024613192,
    0.13479804541053583,
    0.12186886517032577,
    0.10920643429779262,
    0.09681967641586402,
    0.08439671764865189
  ],
  "lap_energy_Wh": [
    489.800701831711,
    476.7077828593206,
    494.1406702391764,
    495.991743880292,
    467.83717418731226,
    474.1548713492924,
    488.078511044062,
    483.75461906136974,
    486.6701831169085,
    478.52795870021504,
    495.3961831721011,
    494.40687814636857,
    487.4766900033459,
    497.80935227584354,
    491.38575725102066,
    478.4671187401127,
    490.42417722609684,
    477.4974418928299,
    495.3869559822954,
    486.3476581441958,
    485.03382570455994,
    480.2037805826474,
    498.73725872486,
    485.3291671257669,
    482.66328156028544,
    483.40516045173695,
    492.01669229190844,
    490.3919807695245,
    490.8524140045643,
    491.0285348004433,
    507.686298067791,
    482.8766394374879,
    481.8462293496005,
    478.91032962103753,
    492.83136223132783,
    497.82620729592713,
    485.7243011249937,
    478.65343962368604,
    478.80606455466216,
    493.1683813336307,
    494.0705951466942,
    492.1222873424651,
    480.3539185315242,
    489.09424997966636,
    487.96990238268745,
    488.9630704164192,
    495.31858968845944,
    489.01084781574366,
    493.44413152959146,
    487.49176599822067,
    489.64883227402714,
    492.98041907962613,
    472.6459172933321,
    483.72123566224286,
    482.2539046771421,
    480.61322429863174,
    484.1547997420932,
    501.38952883955875,
    478.40345400007857,
    496.26158257989704,
    470.4482138093815,
    483.5731036971838,
    488.4184443010723,
    492.5416270929895,
    493.75875288494336,
    494.5583350511544,
    483.43834769800213,
    482.3320012033301,
    495.18760320004543,
    484.97110241801977,
    474.4128268778651,
    475.7993207842246
  ],
  "laps_completed": 72,
  "total_time_s": 3310.430582396583,
  "total_time_min": 55.173843039943044,
  "final_SoC": 0.08439671764865189,
  "total_energy_Wh": 35067.605714056626,
  "total_energy_kWh": 35.067605714056626,
  "track_length_m": 903.0368005706915
}