{
  "track": "complex",
  "n_laps": 51,
  "Q_batt_kWh": 36.9,
  "mass_kg": 824.5,
  "lap_times_s": [
    51.669538286495154,
    50.28835390763253,
    52.12736564965144,
    52.32263715500671,
    49.352585027169944,
    50.01904486312497,
    51.48786275498549,
    51.03173130905068,
    51.33929691283813,
    50.480365974882616,
    52.25981089383819,
    52.15544817301532,
    51.424376085430694,
    52.51437838002454,
    51.83674727857695,
    50.47394791007361,
    51.73530929425491,
    50.37165578431953,
    52.25883750887741,
    51.30527344908316,
    51.16667602509432,
    50.65715000682024,
    52.612264107044616,
    51.19783187034642,
    50.91660508610962,
    50.994866590518335,
    51.90330521148624,
    51.73191285966563,
    51.780484396164645,
    51.799063545136235,
    53.556306713001916,
    50.93911240993258,
    50.83041347731002,
    50.52070264418341,
    51.98924551224178,
    52.51615643200011,
    51.23951492883325,
    50.493603075922415,
    50.50970362393114,
    52.02479797540607,
    52.119973362012004,
    51.914444533024984,
    50.6729882007402,
    51.59501401390779,
    51.47640552479748,
    51.581175757979906,
    52.25162548401985,
    51.586215840924645,
    52.0538871238177,
    51.42596646635803,
    51.65351742352792
  ],
  "lap_soc_end": [
    0.9817727374019343,
    0.9640327098596626,
    0.9456439412785831,
    0.9271862875260067,
    0.9097763675419005,
    0.892131343106625,
    0.8739681694811007,
    0.8559659035764503,
    0.8378551389467817,
    0.8200473760523503,
    0.8016118852762268,
    0.7832132101323108,
    0.7650724324529441,
    0.7465471388921717,
    0.7282608906265637,
    0.7104553918079598,
    0.6922049274266088,
    0.6744355138044216,
    0.6560003664055349,
    0.6379016041012,
    0.6198517342725139,
    0.6019816079608714,
    0.5834217836318714,
    0.5653609230765075,
    0.5473992698029558,
    0.5294100085220659,
    0.5111002808726399,
    0.49285101463834435,
    0.4745846140115243,
    0.456311659290389,
    0.4374188087131742,
    0.4194492156183022,
    0.4015179678242543,
    0.38369597551945744,
    0.3653559310434916,
    0.34683001024622073,
    0.32875444532000075,
    0.3109420128247816,
    0.2931239006016946,
    0.2747713144212043,
    0.25638515358876107,
    0.23807149636408473,
    0.22019578287420852,
    0.20199480991470795,
    0.1838356780118351,
    0.16563958672020038,
    0.1472069834793477,
    0.12900911421720276,
    0.11064626637066251,
    0.09250492765878504,
    0.07428331667840424
  ],
  "lap_energy_Wh": [
    672.5859898686248,
    654.6070163098229,
    678.5455606418341,
    681.0874234700691,
    642.426047413519,
    651.101401661665,
    670.2211067818473,
    664.2836118815985,
    668.287214834772,
    657.1064508045158,
    680.269609638959,
    678.9111128105021,
    669.3946963686321,
    683.5833323925018,
    674.7625610009367,
    657.0229064064863,
    673.4421356718535,
    655.691362658706,
    680.256939018917,
    667.8443290299577,
    666.040196678515,
    659.4076608996098,
    684.8575177400999,
    666.4457544929256,
    662.7850057940561,
    663.8037412648374,
    675.6289502638172,
    673.3979240455063,
    674.0301831296595,
    674.2720292098911,
    697.1461862992285,
    663.0779852007777,
    661.6630436003663,
    657.6315160470044,
    676.747641163139,
    683.606477419295,
    666.9883457775171,
    657.2787590735868,
    657.4883410319126,
    677.210430060091,
    678.4493347171549,
    675.7739515905573,
    659.6138277764323,
    671.615902205571,
    670.0719672160081,
    671.435768661321,
    680.163059587464,
    671.501375773148,
    677.5890855373353,
    669.4153984682783,
    672.3774451760514
  ],
  "laps_completed": 51,
  "total_time_s": 2624.165496820591,
  "total_time_min": 43.73609161367652,
  "final_SoC": 0.07428331667840424,
  "total_energy_Wh": 34158.94561456689,
  "total_energy_kWh": 34.15894561456689,
  "track_length_m": 1288.2240442405061
}