{
  "track": "hairpin",
  "n_laps": 51,
  "Q_batt_kWh": 31.7,
  "mass_kg": 798.5,
  "lap_times_s": [
    63.50162971752645,
    61.80416033988562,
    64.0642974837546,
    64.30428528389128,
    60.65410460261864,
    61.47318073776345,
    63.278351307978966,
    62.71776781637375,
    63.095764557456754,
    62.04014230527892,
    64.22707209202689,
    64.09881077842154,
    63.20032647718381,
    64.53993438540164,
    63.70712881530713,
    62.03225453255014,
    63.58246198968167,
    61.90653797095369,
    64.22587580629641,
    63.0539498738206,
    62.883614264294884,
    62.25740908389476,
    64.6602355028104,
    62.921904657713256,
    62.57627820716834,
    62.67246124341966,
    63.788928214925036,
    63.57828778687667,
    63.63798198635781,
    63.660815676721334,
    65.82045961142678,
    62.60393960672281,
    62.47034910835576,
    62.08971589008192,
    63.89454845728391,
    64.54211960326724,
    62.97313294875871,
    62.056410642806966,
    62.07619814375636,
    63.938242274304045,
    64.05521239555732,
    63.802618390899426,
    62.276874152851306,
    63.41003972234262,
    63.264270423707195,
    63.393032568166085,
    64.21701226024577,
    63.39922680739323,
    63.97399270661856,
    63.20228104817682,
    63.481940149133955
  ],
  "lap_soc_end": [
    0.9816983182465184,
    0.9638858608558455,
    0.9454220137148572,
    0.9268890001546392,
    0.9094079981013465,
    0.8916909317009817,
    0.8734536005856198,
    0.8553778341530109,
    0.8371931260115054,
    0.8193126567154781,
    0.8008018966197925,
    0.7823281024689706,
    0.7641132587390259,
    0.7455123292075088,
    0.7271514209569288,
    0.709273224980608,
    0.6909482467144703,
    0.6731062832649636,
    0.6545958679484721,
    0.6364232111359787,
    0.6182996464197148,
    0.6003565590860794,
    0.5817209578024326,
    0.5635863574860167,
    0.5455513694997347,
    0.5274886607867976,
    0.509104177289628,
    0.490780402062399,
    0.47243942248551324,
    0.45409186205493685,
    0.43512187482729026,
    0.4170789146025987,
    0.399074456236793,
    0.3811796994338706,
    0.36276477533114526,
    0.344163216002218,
    0.32601385127922455,
    0.308128693317136,
    0.29023783243770995,
    0.2718103154245782,
    0.25334908667926936,
    0.23496065756298817,
    0.21701196023951572,
    0.19873667546121596,
    0.1805034025702476,
    0.16223301939092502,
    0.1437251586198799,
    0.12545299021086248,
    0.10701516963485082,
    0.0887997625817846,
    0.07050375552068788
  ],
  "lap_energy_Wh": [
    580.1633115853651,
    564.6548992843334,
    585.3039543693277,
    587.4965298589133,
    554.1477650893758,
    561.6310048915662,
    578.1233963569717,
    573.0017959137,
    576.4552480857261,
    566.8108766840633,
    586.7910950332341,
    585.6192745810572,
    577.4105462392446,
    589.6494661490921,
    582.0407915433849,
    566.7388124493701,
    580.9018110365627,
    565.5902413493627,
    586.7801655327776,
    576.0732209560421,
    574.5170015055659,
    568.7958684762417,
    590.7485606916061,
    574.8668300303821,
    571.7091191651397,
    572.5878662001074,
    582.7881268602755,
    580.8636747031592,
    581.4090525872775,
    581.6176656492721,
    601.3485951163964,
    571.9618391227218,
    570.7413301960418,
    567.2637906526402,
    583.7530940563925,
    589.6694307269948,
    575.3348617188915,
    566.9595073982078,
    567.140289877805,
    584.1522893162773,
    585.2209512262899,
    582.9132029861138,
    568.9737051540767,
    579.3265274721022,
    577.9947506436964,
    579.1711467845262,
    586.6991864421304,
    579.2277385658515,
    584.4789122595697,
    577.4284035821992,
    579.9834238367658
  ],
  "laps_completed": 51,
  "total_time_s": 3225.0875704102104,
  "total_time_min": 53.75145950683684,
  "final_SoC": 0.07050375552068788,
  "total_energy_Wh": 29465.030949994183,
  "total_energy_kWh": 29.465030949994183,
  "track_length_m": 1268.812247285067
}