{
  "track": "monza",
  "n_laps": 58,
  "Q_batt_kWh": 31.7,
  "mass_kg": 798.5,
  "lap_times_s": [
    54.70557782447309,
    53.24323672305155,
    55.19030656941459,
    55.39705199210219,
    52.252483195663324,
    52.9581034050131,
    54.51322725860008,
    54.03029408092355,
    54.35593186736615,
    53.446531186995564,
    55.330534135861285,
    55.220039187865176,
    54.44601018917536,
    55.60005969945216,
    54.88261181456921,
    53.43973600446567,
    54.77521345705113,
    53.33143331719871,
    55.32950355597823,
    54.319909226056964,
    54.17316798516852,
    53.63370283470149,
    55.70369707332824,
    54.206154510182074,
    53.90840318045104,
    53.99126323614483,
    54.95308061106622,
    54.77161745207583,
    54.82304299327708,
    54.84271383055729,
    56.70321048030819,
    53.93223300738292,
    53.81714705702956,
    53.48923799016804,
    55.0440706598871,
    55.601942227609975,
    54.25028681473974,
    53.4605460840726,
    53.47759268079703,
    55.081712142760466,
    55.182479919899784,
    54.964874465657495,
    53.65047166172842,
    54.62667459581959,
    54.501096815432035,
    54.61202322072078,
    55.3218677612682,
    54.61735945283972,
    55.112510534328365,
    54.44769401896127,
    54.68861559498674,
    55.060718739369946,
    52.78956913539449,
    54.026565506970606,
    53.862680095823784,
    53.679433383852924,
    54.07499004663225,
    55.99992770066006
  ],
  "lap_soc_end": [
    0.9836036229350672,
    0.9676455393138741,
    0.9511038791609576,
    0.9345002531895333,
    0.9188391186009525,
    0.902966495248753,
    0.8866277695702443,
    0.8704337888116,
    0.8541422077689367,
    0.8381231926519328,
    0.8215395034382552,
    0.8049889318133713,
    0.7886703524610565,
    0.7720058809406194,
    0.7555564431793123,
    0.7395394647170594,
    0.7231222164332435,
    0.7071376984945459,
    0.6905543181666717,
    0.6742735338440736,
    0.6580367308632741,
    0.6419616165872137,
    0.6252660828327655,
    0.6090193931178578,
    0.5928619455473164,
    0.5766796631286516,
    0.5602091044322475,
    0.5437929339444415,
    0.5273613501734232,
    0.5109238706514038,
    0.49392876234982475,
    0.477764172494286,
    0.46163407624455327,
    0.4456022610278904,
    0.4291044307586604,
    0.4124393950061515,
    0.39617947793975516,
    0.38015626227234783,
    0.36412793739233945,
    0.3476188252032208,
    0.3310795108567413,
    0.31460541730165154,
    0.2985252770662319,
    0.28215254890768293,
    0.265817458970319,
    0.24944912212761375,
    0.23286803040310022,
    0.2164980941828286,
    0.19997975108780927,
    0.18366066705737616,
    0.167269373918463,
    0.15076655388037458,
    0.1349444436850217,
    0.11875158045601306,
    0.10260783702618151,
    0.08651901637214118,
    0.07031163932126896,
    0.053527319207969076
  ],
  "lap_energy_Wh": [
    519.765152958369,
    505.8712507918215,
    524.3706268474524,
    526.3349432941492,
    496.45796645801425,
    503.16216026472205,
    517.937604008728,
    513.3491900490199,
    516.4431190524285,
    507.8027792090239,
    525.7029480735805,
    524.6531205088193,
    517.2989654683757,
    528.2637471978579,
    521.4471770334345,
    507.73821725341566,
    520.4267705969653,
    506.70921865671437,
    525.693156393612,
    516.1008630263591,
    514.7066544913464,
    509.58112255111394,
    529.2484200160071,
    515.0200639625751,
    512.1910879861625,
    512.978352671676,
    522.1167106760108,
    520.3926044634492,
    520.8812055412807,
    521.0681008480184,
    538.7449331600556,
    512.4174984205786,
    511.3240511165266,
    508.20854236821276,
    522.9812195345922,
    528.2816333545317,
    515.4393710047642,
    507.9359366568131,
    508.09789869626593,
    523.3388563950607,
    524.2962647833999,
    522.2287656963466,
    509.7404454628022,
    519.015482626002,
    517.822351014437,
    518.8762779137564,
    525.620607667079,
    518.9269781826106,
    523.6314761121126,
    517.3149637647292,
    519.603992503547,
    523.1393952074027,
    501.56089319268574,
    513.313764359574,
    511.75666672566024,
    510.0156147330781,
    513.7738525126491,
    532.0629475916065
  ],
  "laps_completed": 58,
  "total_time_s": 3157.852170193331,
  "total_time_min": 52.63086950322218,
  "final_SoC": 0.053527319207969076,
  "total_energy_Wh": 30003.18398110738,
  "total_energy_kWh": 30.00318398110738,
  "track_length_m": 1114.6412375088012
}